,Odor Pulse,ROI,AUC (dF/F),Type
0,Before,D,-6.857408270365503,Control
1,Before,D,2.8121375688254067,Control
2,Before,D,50.615004765577,Control
3,Before,D,10.164965857304232,Control
4,Before,D,-6.673497013393225,Control
5,Before,D,-9.388012742718228,Control
6,Before,D,1.0660073345534398,Control
7,Before,D,13.040572057819864,Control
8,Before,D,-3.640923326731902,Control
9,Before,DL3,1.165132572908547,Control
10,Before,DL3,6.1371131483120225,Control
11,Before,DL3,-0.5207890853515221,Control
12,Before,DL3,-1.1265539059807153,Control
13,Before,DL3,-1.9813357023142437,Control
14,Before,DL3,3.6589367229600698,Control
15,Before,DL3,14.24718049790972,Control
16,Before,DL3,-0.7622119373527525,Control
17,Before,DL3,-2.8928439469792875,Control
18,Before,DL1,38.389404271412644,Control
19,Before,DL1,23.36176314006318,Control
20,Before,DL1,29.492484099204237,Control
21,Before,DL1,35.782012867447214,Control
22,Before,DL1,25.53140965603715,Control
23,Before,DL1,44.31632543099182,Control
24,Before,DL1,44.8709827649816,Control
25,Before,DL1,55.009650901057164,Control
26,Before,DL1,29.558815444743058,Control
27,Before,DL5,17.340833435818986,Control
28,Before,DL5,5.08107519869251,Control
29,Before,DL5,16.852179610219206,Control
30,Before,DL5,9.19278992747984,Control
31,Before,DL5,4.990875852872065,Control
32,Before,DL5,10.086785977351408,Control
33,Before,DL5,0.6602717082021311,Control
34,Before,DL5,20.132326112767945,Control
35,Before,DL5,8.330360483009786,Control
36,Before,DM3,63.08353858788054,Control
37,Before,DM3,67.68988976823964,Control
38,Before,DM3,36.55072086282156,Control
39,Before,DM3,29.363033159223644,Control
40,Before,DM3,32.26320598387424,Control
41,Before,DM3,73.01984402588769,Control
42,After,D,-14.291843060049759,Control
43,After,D,-0.23009447651678563,Control
44,After,D,60.53713268938813,Control
45,After,D,25.252920033102413,Control
46,After,D,-1.8516010527263749,Control
47,After,D,7.769732478756182,Control
48,After,D,-3.5712920364881655,Control
49,After,D,13.339342998309991,Control
50,After,D,-3.5649179687797345,Control
51,After,DL3,-9.028616203017785,Control
52,After,DL3,4.698565352309928,Control
53,After,DL3,10.592924613613059,Control
54,After,DL3,-14.079439449674977,Control
55,After,DL3,-1.1978421895780313,Control
56,After,DL3,-0.9062486609468756,Control
57,After,DL3,8.058383090791216,Control
58,After,DL3,10.198556679531789,Control
59,After,DL3,-3.782424649387046,Control
60,After,DL1,27.604523600065267,Control
61,After,DL1,22.512742026261545,Control
62,After,DL1,49.889268606502284,Control
63,After,DL1,33.41375258280405,Control
64,After,DL1,5.597597430302648,Control
65,After,DL1,41.63780714960999,Control
66,After,DL1,30.072411207929377,Control
67,After,DL1,30.683480134223533,Control
68,After,DL1,16.74663395502415,Control
69,After,DL5,17.25388989911826,Control
70,After,DL5,3.28580210487125,Control
71,After,DL5,25.99308593353813,Control
72,After,DL5,1.6267098060202365,Control
73,After,DL5,7.972033661719627,Control
74,After,DL5,15.185963136649338,Control
75,After,DL5,-0.6383881616520614,Control
76,After,DL5,17.850560343522076,Control
77,After,DL5,-0.2766561508958485,Control
78,After,DM3,11.238538248828293,Control
79,After,DM3,54.52484291401532,Control
80,After,DM3,43.63725659769877,Control
81,After,DM3,17.17193491055929,Control
82,After,DM3,21.448659091057753,Control
83,After,DM3,64.57595594960671,Control
