,Odor Pulse,ROI,Peak (dF/F),Type
0,Before,D,0.43086444199473245,Control
1,Before,D,0.9725898299298051,Control
2,Before,D,6.240161270086151,Control
3,Before,D,2.875718768717451,Control
4,Before,D,0.7846469697474839,Control
5,Before,D,1.581698225325877,Control
6,Before,D,0.6504035291237138,Control
7,Before,D,2.0229714933912764,Control
8,Before,D,0.4331154839902436,Control
9,Before,DL3,0.23720720405269252,Control
10,Before,DL3,1.2546424382455863,Control
11,Before,DL3,0.2094065382863478,Control
12,Before,DL3,0.14796250787491197,Control
13,Before,DL3,0.38979249670368615,Control
14,Before,DL3,2.175501098269292,Control
15,Before,DL3,3.553894149950893,Control
16,Before,DL3,0.022341620477069408,Control
17,Before,DL3,0.25321415336454106,Control
18,Before,DL1,9.66889730967342,Control
19,Before,DL1,4.831137094805974,Control
20,Before,DL1,8.231883994421471,Control
21,Before,DL1,6.599905333181718,Control
22,Before,DL1,7.768470663054418,Control
23,Before,DL1,7.079201772249805,Control
24,Before,DL1,8.01091963770142,Control
25,Before,DL1,7.47658738878577,Control
26,Before,DL1,6.248839686429667,Control
27,Before,DL5,4.247336657045395,Control
28,Before,DL5,1.6668715809112644,Control
29,Before,DL5,4.650679050900746,Control
30,Before,DL5,4.03639402149243,Control
31,Before,DL5,1.8980637404143643,Control
32,Before,DL5,2.734534551311387,Control
33,Before,DL5,1.5392497924446977,Control
34,Before,DL5,3.908671211020188,Control
35,Before,DL5,1.8496678252640877,Control
36,Before,DM3,7.7905091873002545,Control
37,Before,DM3,6.645684743587713,Control
38,Before,DM3,8.79000842402352,Control
39,Before,DM3,8.09369569302028,Control
40,Before,DM3,7.497091575016937,Control
41,Before,DM3,8.387832585322204,Control
42,After,D,-0.2765822430070984,Control
43,After,D,1.0080528053453923,Control
44,After,D,7.123155071143781,Control
45,After,D,3.293733741043311,Control
46,After,D,0.6054584191683854,Control
47,After,D,1.7330583496289245,Control
48,After,D,0.27505723905416374,Control
49,After,D,2.0456775440207053,Control
50,After,D,0.4067620876587411,Control
51,After,DL3,-0.19379029679337315,Control
52,After,DL3,3.4503124012808915,Control
53,After,DL3,0.8659140923833408,Control
54,After,DL3,-0.5331290106380459,Control
55,After,DL3,0.251407790454562,Control
56,After,DL3,1.0233299397897482,Control
57,After,DL3,3.172850027859626,Control
58,After,DL3,2.4045753068881885,Control
59,After,DL3,1.918970895244736,Control
60,After,DL1,5.491131357080932,Control
61,After,DL1,5.72273035876728,Control
62,After,DL1,10.033663303187492,Control
63,After,DL1,6.393835569706621,Control
64,After,DL1,3.0197524224612717,Control
65,After,DL1,6.739574284494379,Control
66,After,DL1,6.552162639183173,Control
67,After,DL1,5.922322326066323,Control
68,After,DL1,5.065582260540923,Control
69,After,DL5,2.4011271334605038,Control
70,After,DL5,1.7298726858270732,Control
71,After,DL5,4.585429950944958,Control
72,After,DL5,2.88914866472671,Control
73,After,DL5,1.5424843987129506,Control
74,After,DL5,2.2738093511711255,Control
75,After,DL5,1.488864882221406,Control
76,After,DL5,2.893086237401661,Control
77,After,DL5,1.3029203428378657,Control
78,After,DM3,1.9317254728408422,Control
79,After,DM3,6.281974468695104,Control
80,After,DM3,8.33510812212165,Control
81,After,DM3,4.904449605342885,Control
82,After,DM3,5.554718072019112,Control
83,After,DM3,7.807843980258099,Control
