Slide,Brain,Type,adPNs right lobe,lPNs right lobe,vPNs right lobe,adPNs left lobe,lPNs left lobe,vPNs left
slide 23,brain 1,GH146,27,23,0,27,30,0
slide 23,brain 1,DEcR,22,22,0,26,27,0
slide 23,brain 2,GH146,32,26,6,38,30,7
slide 23,brain 2,DEcR,26,23,6,38,30,6
slide 23,brain 3,GH146,37,28,5,40,23,4
slide 23,brain 3,DEcR,31,27,4,39,23,4
slide 23,brain 4,GH146,39,27,7,30,30,5
slide 23,brain 4,DEcR,39,27,7,28,27,4
slide 23,brain 5,GH146,36,31,4,32,27,5
slide 23,brain 5,DEcR,33,31,4,30,27,4
