Slide,Brain,Type,adPNs right lobe,lPNs right lobe,vPNs right lobe,adPNs left lobe,lPNs left lobe,vPNs left
slide 24,brain 1,GH146,33,32,5,31,28,2
slide 24,brain 1,Dop2R,1,16,2,4,7,0
slide 26,brain 1,GH146,28,30,6,29,25,5
slide 26,brain 1,Dop2R,10,4,1,12,8,1
slide 26,brain 2,GH146,33,25,6,27,12,2
slide 26,brain 2,Dop2R,7,6,0,6,1,0
slide 26,brain 3,GH146,38,32,5,43,23,7
slide 26,brain 3,Dop2R,10,8,4,21,6,2
slide 26,brain 4,GH146,26,32,5,26,21,4
slide 26,brain 4,Dop2R,7,19,3,12,16,3
slide 26,brain 5,GH146,37,23,3,40,14,4
slide 26,brain 5,Dop2R,14,9,2,14,6,3
